"sampleid"	"CouponId"	"Materials"	"Day"	"RH"	"barcodes"
"1.T0"	1	"FB"	0	"WET"	"CGTAAGATGCCT"
"5.T0"	5	"FB"	0	"WET"	"GCGTTCTAGCTG"
"11.T0"	11	"FB"	0	"CYC"	"GTTGTTCTGGGA"
"15.T0"	15	"FB"	0	"CYC"	"GGACTTCCAGCT"
"21.T0"	21	"OSB"	0	"WET"	"CTCACAACCGTG"
"22.T0"	22	"OSB"	0	"WET"	"CTGCTATTCCTC"
"31.T0"	31	"OSB"	0	"CYC"	"ATGTCACCGCTG"
"33.T0"	33	"OSB"	0	"CYC"	"TGTAACGCCGAT"
"41.T0"	41	"GW"	0	"WET"	"AGCAGAACATCT"
"45.T0"	45	"GW"	0	"WET"	"GATCTGCGATCC"
"51.T0"	51	"GW"	0	"CYC"	"AATAACTAGGGT"
"55.T0"	55	"GW"	0	"CYC"	"TATTGCAGCAGC"
"1.T1"	1	"FB"	7	"WET"	"TACAATATCTGT"
"3.T1"	3	"FB"	7	"WET"	"GACTCAACCAGT"
"5.T1"	5	"FB"	7	"WET"	"ACTACTGAGGAT"
"7.T1"	7	"FB"	7	"WET"	"CGTATAAATGCG"
"9.T1"	9	"FB"	7	"WET"	"ACTCGCTCGCTG"
"11.T1"	11	"FB"	7	"CYC"	"CATATAGCCCGA"
"13.T1"	13	"FB"	7	"CYC"	"CGTCCGTATGAA"
"15.T1"	15	"FB"	7	"CYC"	"ACGTGAGGAACG"
"17.T1"	17	"FB"	7	"CYC"	"GGTTGCCCTGTA"
"19.T1"	19	"FB"	7	"CYC"	"AGTAAAGATCGT"
"21.T1"	21	"OSB"	7	"WET"	"GCCTATGAGATC"
"23.T1"	23	"OSB"	7	"WET"	"CAAGTGAAGGGA"
"25.T1"	25	"OSB"	7	"WET"	"TATGGTACCCAG"
"27.T1"	27	"OSB"	7	"WET"	"AATTTAGGTAGG"
"29.T1"	29	"OSB"	7	"WET"	"GCCTCTACGTCG"
"31.T1"	31	"OSB"	7	"CYC"	"AATTCACCTCCT"
"33.T1"	33	"OSB"	7	"CYC"	"ATGCTGCAACAC"
"35.T1"	35	"OSB"	7	"CYC"	"CTGTCTATACTA"
"37.T1"	37	"OSB"	7	"CYC"	"CACGTTTATTCC"
"39.T1"	39	"OSB"	7	"CYC"	"GCAACGAACGAG"
"41.T1"	41	"GW"	7	"WET"	"TGACTAATGGCC"
"43.T1"	43	"GW"	7	"WET"	"CGGGACACCCGA"
"45.T1"	45	"GW"	7	"WET"	"TATGCCAGAGAT"
"47.T1"	47	"GW"	7	"WET"	"CGTTTGGAATGA"
"49.T1"	49	"GW"	7	"WET"	"AAGAACTCATGA"
"51.T1"	51	"GW"	7	"CYC"	"TGATATCGTCTT"
"53.T1"	53	"GW"	7	"CYC"	"CGGTGACCTACT"
"55.T1"	55	"GW"	7	"CYC"	"AATGCGCGTATA"
"57.T1"	57	"GW"	7	"CYC"	"CTTGATTCTTGA"
"59.T1"	59	"GW"	7	"CYC"	"GAAATCTTGAAG"
"1.T2"	1	"FB"	21	"WET"	"TACGGATTATGG"
"3.T2"	3	"FB"	21	"WET"	"ATACATGCAAGA"
"5.T2"	5	"FB"	21	"WET"	"AGGATCAGGGAA"
"7.T2"	7	"FB"	21	"WET"	"CTTAGTGCAGAA"
"9.T2"	9	"FB"	21	"WET"	"TGATGTGCTAAG"
"11.T2"	11	"FB"	21	"CYC"	"GTAGTAGACCAT"
"13.T2"	13	"FB"	21	"CYC"	"ACCTTACACCTT"
"15.T2"	15	"FB"	21	"CYC"	"CTCGCCCTCGCC"
"17.T2"	17	"FB"	21	"CYC"	"AATCTTGCGCCG"
"19.T2"	19	"FB"	21	"CYC"	"TCTCTTTCGACA"
"21.T2"	21	"OSB"	21	"WET"	"CGCGCCTTAAAC"
"23.T2"	23	"OSB"	21	"WET"	"AGCGGAGGTTAG"
"25.T2"	25	"OSB"	21	"WET"	"ATCCTTTGGTTC"
"27.T2"	27	"OSB"	21	"WET"	"TACAGCGCATAC"
"29.T2"	29	"OSB"	21	"WET"	"TTCCTTAGTAGT"
"31.T2"	31	"OSB"	21	"CYC"	"ACCGGTATGTAC"
"33.T2"	33	"OSB"	21	"CYC"	"AATTGTGTCGGA"
"35.T2"	35	"OSB"	21	"CYC"	"TGCATACACTGG"
"38.T2"	38	"OSB"	21	"CYC"	"AGTCGAACGAGG"
"39.T2"	39	"OSB"	21	"CYC"	"ACCAGTGACTCA"
"41.T2"	41	"GW"	21	"WET"	"GTAGATCGTGTA"
"42.T2"	42	"GW"	21	"WET"	"GAATACCAAGTC"
"45.T2"	45	"GW"	21	"WET"	"CCAATACGCCTG"
"47.T2"	47	"GW"	21	"WET"	"TAATCTCGCCGG"
"50.T2"	50	"GW"	21	"CYC"	"TGCAGTCCTCGA"
"51.T2"	51	"GW"	21	"CYC"	"ATCTAGTGGCAA"
"53.T2"	53	"GW"	21	"CYC"	"ACGCTTAACGAC"
"55.T2"	55	"GW"	21	"CYC"	"CAGCTCATCAGC"
"57.T2"	57	"GW"	21	"CYC"	"CAAACAACAGCT"
"59.T2"	59	"GW"	21	"CYC"	"GCAACACCATCC"
"1.T3"	1	"FB"	35	"WET"	"CATTATGGCGTG"
"3.T3"	3	"FB"	35	"WET"	"CGAGCAATCCTA"
"5.T3"	5	"FB"	35	"WET"	"AGTCGTGCACAT"
"7.T3"	7	"FB"	35	"WET"	"GTATCTGCGCGT"
"9.T3"	9	"FB"	35	"WET"	"CGAGGGAAAGTC"
"11.T3"	11	"FB"	35	"CYC"	"CAAATTCGGGAT"
"13.T3"	13	"FB"	35	"CYC"	"AGATTGACCAAC"
"15.T3"	15	"FB"	35	"CYC"	"AGTTACGAGCTA"
"17.T3"	17	"FB"	35	"CYC"	"GCATATGCACTG"
"19.T3"	19	"FB"	35	"CYC"	"CAACTCCCGTGA"
"21.T3"	21	"OSB"	35	"WET"	"TTGCGTTAGCAG"
"25.T3"	25	"OSB"	35	"WET"	"TACGAGCCCTAA"
"27.T3"	27	"OSB"	35	"WET"	"GCGATATATCGC"
"29.T3"	29	"OSB"	35	"WET"	"ACCATAGCTCCG"
"31.T3"	31	"OSB"	35	"CYC"	"TCGACATCTCTT"
"33.T3"	33	"OSB"	35	"CYC"	"GAACACTTTGGA"
"35.T3"	35	"OSB"	35	"CYC"	"GAGCCATCTGTA"
"37.T3"	37	"OSB"	35	"CYC"	"TTGGGTACACGT"
"39.T3"	39	"OSB"	35	"CYC"	"AAGGCGCTCCTT"
"41.T3"	41	"GW"	35	"WET"	"TAATACGGATCG"
"43.T3"	43	"GW"	35	"WET"	"TCGGAATTAGAC"
"45.T3"	45	"GW"	35	"WET"	"TGTGAATTCGGA"
"47.T3"	47	"GW"	35	"WET"	"CATTCGTGGCGT"
"49.T3"	49	"GW"	35	"WET"	"TACTACGTGGCC"
"51.T3"	51	"GW"	35	"CYC"	"GGCCAGTTCCTA"
"53.T3"	53	"GW"	35	"CYC"	"GATGTTCGCTAG"
"55.T3"	55	"GW"	35	"CYC"	"CTATCTCCTGTC"
"57.T3"	57	"GW"	35	"CYC"	"ACTCACAGGAAT"
"59.T3"	59	"GW"	35	"CYC"	"ATGATGAGCCTC"
"1.T4"	1	"FB"	49	"WET"	"GTCGACAGAGGA"
"3.T4"	3	"FB"	49	"WET"	"TGTCGCAAATAG"
"5.T4"	5	"FB"	49	"WET"	"CATCCCTCTACT"
"7.T4"	7	"FB"	49	"WET"	"TATACCGCTGCG"
"9.T4"	9	"FB"	49	"WET"	"AGTTGAGGCATT"
"11.T4"	11	"FB"	49	"CYC"	"ACAATAGACACC"
"13.T4"	13	"FB"	49	"CYC"	"CGGTCAATTGAC"
"15.T4"	15	"FB"	49	"CYC"	"GTGGAGTCTCAT"
"17.T4"	17	"FB"	49	"CYC"	"GCTCGAAGATTC"
"19.T4"	19	"FB"	49	"CYC"	"AGGCTTACGTGT"
"21.T4"	21	"OSB"	49	"WET"	"TCTCTACCACTC"
"23.T4"	23	"OSB"	49	"WET"	"ACTTCCAACTTC"
"25.T4"	25	"OSB"	49	"WET"	"CTCACCTAGGAA"
"27.T4"	27	"OSB"	49	"WET"	"GTGTTGTCGTGC"
"29.T4"	29	"OSB"	49	"WET"	"CCACAGATCGAT"
"31.T4"	31	"OSB"	49	"CYC"	"TATCGACACAAG"
"33.T4"	33	"OSB"	49	"CYC"	"GATTCCGGCTCA"
"35.T4"	35	"OSB"	49	"CYC"	"CGTAATTGCCGC"
"37.T4"	37	"OSB"	49	"CYC"	"GGTGACTAGTTC"
"39.T4"	39	"OSB"	49	"CYC"	"ATGGGTTCCGTC"
"41.T4"	41	"GW"	49	"WET"	"TAGGCATGCTTG"
"43.T4"	43	"GW"	49	"WET"	"AACTAGTTCAGG"
"45.T4"	45	"GW"	49	"WET"	"ATTCTGCCGAAG"
"47.T4"	47	"GW"	49	"WET"	"AGCATGTCCCGT"
"49.T4"	49	"GW"	49	"WET"	"GTACGATATGAC"
"51.T4"	51	"GW"	49	"CYC"	"GTGGTGGTTTCC"
"53.T4"	53	"GW"	49	"CYC"	"TAGTATGCGCAA"
"55.T4"	55	"GW"	49	"CYC"	"TGCGCTGAATGT"
"57.T4"	57	"GW"	49	"CYC"	"ATGGCTGTCAGT"
"59.T4"	59	"GW"	49	"CYC"	"GTTCTCTTCTCG"
"N1"	NA	NA	NA	NA	"ACGTATTCGAAG"
"P1"	NA	NA	NA	NA	"GAGATACAGTTC"
"P2"	NA	NA	NA	NA	"TAACGTGTGTGC"
