CouponTime,CouponId,Category,ATP,Day,TimePoint,WetCycling,Material,WetMat,Sample,Materials,RH,Objects/mL,Objects/cm2,gDNA well,gDNA plate,spore_density,hyphae_length
1.T0,1,MDF,2,0,Cntrl,Wet,Medium Density Fiberboard,,0.1,MDF,WET,,,F1,7,,
5.T0,5,MDF,5,0,Cntrl,Wet,Medium Density Fiberboard,,0.2,MDF,WET,,,F2,7,,
11.T0,11,MDF,5,0,Cntrl,Cycling,Medium Density Fiberboard,,0.3,MDF,CYC,,,F3,7,,
15.T0,15,MDF,4,0,Cntrl,Cycling,Medium Density Fiberboard,,0.4,MDF,CYC,,,F4,7,,
21.T0,21,OSB,4,0,Cntrl,Wet,Oreiented Strand Board,,0.5,OSB,WET,,,F5,7,,
22.T0,22,OSB,6,0,Cntrl,Wet,Oreiented Strand Board,,0.6,OSB,WET,,,F6,7,,
31.T0,31,OSB,4,0,Cntrl,Cycling,Oreiented Strand Board,,0.7,OSB,CYC,,,F7,7,,
33.T0,33,OSB,6,0,Cntrl,Cycling,Oreiented Strand Board,,0.8,OSB,CYC,,,F8,7,,
41.T0,41,GW,1,0,Cntrl,Wet,Gypsum,,0.9,GW,WET,,,F9,7,,
45.T0,45,GW,3,0,Cntrl,Wet,Gypsum,,0.1,GW,WET,,,F10,7,,
51.T0,51,GW,1,0,Cntrl,Cycling,Gypsum,,0.11,GW,CYC,,,F11,7,,
55.T0,55,GW,1,0,Cntrl,Cycling,Gypsum,,0.12,GW,CYC,,,F12,7,,
1.T1,1,MDF,496,7,0,Wet,Medium Density Fiberboard,,1.1,MDF,WET,4148000,41480,A1,1,406.669,0
2.T1,2,MDF,43,7,0,Wet,Medium Density Fiberboard,,1.2,MDF,WET,,,A2,1,,
3.T1,3,MDF,63,7,0,Wet,Medium Density Fiberboard,,1.3,MDF,WET,3721000,37210,A3,1,490.35,0
4.T1,4,MDF,111,7,0,Wet,Medium Density Fiberboard,,1.4,MDF,WET,,,A4,1,,
5.T1,5,MDF,61,7,0,Wet,Medium Density Fiberboard,,1.5,MDF,WET,,,A5,1,,
6.T1,6,MDF,147,7,0,Wet,Medium Density Fiberboard,,1.6,MDF,WET,,,A6,1,,
7.T1,7,MDF,447,7,0,Wet,Medium Density Fiberboard,,1.7,MDF,WET,2218182,22181.82,A7,1,404.29,0
8.T1,8,MDF,249,7,0,Wet,Medium Density Fiberboard,,1.8,MDF,WET,,,A8,1,,
9.T1,9,MDF,150,7,0,Wet,Medium Density Fiberboard,,1.9,MDF,WET,1891000,18910,A9,1,496.109,0
10.T1,10,MDF,257,7,0,Wet,Medium Density Fiberboard,,1.1,MDF,WET,,,A10,1,,
11.T1,11,MDF,154,7,0,Cycling,Medium Density Fiberboard,,1.11,MDF,CYC,1159000,11590,A11,1,223.641,0
12.T1,12,MDF,336,7,0,Cycling,Medium Density Fiberboard,,1.12,MDF,CYC,,,A12,1,,
13.T1,13,MDF,894,7,0,Cycling,Medium Density Fiberboard,,1.13,MDF,CYC,3050000,30500,B1,1,315.186,0
14.T1,14,MDF,213,7,0,Cycling,Medium Density Fiberboard,,1.14,MDF,CYC,,,B2,1,,
15.T1,15,MDF,28,7,0,Cycling,Medium Density Fiberboard,,1.15,MDF,CYC,3599000,35990,B3,1,432.647,0
16.T1,16,MDF,4,7,0,Cycling,Medium Density Fiberboard,,1.16,MDF,CYC,,,B4,1,,
17.T1,17,MDF,14,7,0,Cycling,Medium Density Fiberboard,,1.17,MDF,CYC,8174000,81740,B5,1,326.186,0
18.T1,18,MDF,267,7,0,Cycling,Medium Density Fiberboard,,1.18,MDF,CYC,,,B6,1,,
19.T1,19,MDF,97,7,0,Cycling,Medium Density Fiberboard,,1.19,MDF,CYC,5978000,59780,B7,1,521.855,0
20.T1,20,MDF,194,7,0,Cycling,Medium Density Fiberboard,,1.2,MDF,CYC,,,B8,1,,
21.T1,21,OSB,2849,7,0,Wet,Oreiented Strand Board,,1.21,OSB,WET,,,B9,1,53.854,68.103
22.T1,22,OSB,19,7,0,Wet,Oreiented Strand Board,,1.22,OSB,WET,,,B10,1,,
23.T1,23,OSB,728,7,0,Wet,Oreiented Strand Board,,1.23,OSB,WET,25925000,259250,B11,1,117.236,0
24.T1,24,OSB,11,7,0,Wet,Oreiented Strand Board,,1.24,OSB,WET,,,B12,1,,
25.T1,25,OSB,17,7,0,Wet,Oreiented Strand Board,,1.25,OSB,WET,66734000,667340,C1,1,76.189,0
26.T1,26,OSB,0,7,0,Wet,Oreiented Strand Board,,1.26,OSB,WET,,,C2,1,,
27.T1,27,OSB,198,7,0,Wet,Oreiented Strand Board,,1.27,OSB,WET,133590000,1335900,C3,1,69.397,0
28.T1,28,OSB,1689,7,0,Wet,Oreiented Strand Board,,1.28,OSB,WET,,,C4,1,,
29.T1,29,OSB,2,7,0,Wet,Oreiented Strand Board,,1.29,OSB,WET,2013000,20130,C5,1,112.106,1869.459
30.T1,30,OSB,1346,7,0,Wet,Oreiented Strand Board,,1.3,OSB,WET,,,C6,1,,
31.T1,31,OSB,36,7,0,Cycling,Oreiented Strand Board,,1.31,OSB,CYC,11468000,114680,C7,1,197.905,1377.118
32.T1,32,OSB,31,7,0,Cycling,Oreiented Strand Board,,1.32,OSB,CYC,,,C8,1,,
33.T1,33,OSB,47,7,0,Cycling,Oreiented Strand Board,,1.33,OSB,CYC,1098000,10980,C9,1,111.399,0
34.T1,34,OSB,34,7,0,Cycling,Oreiented Strand Board,,1.34,OSB,CYC,,,C10,1,,
35.T1,35,OSB,2,7,0,Cycling,Oreiented Strand Board,,1.35,OSB,CYC,1830000,18300,C11,1,110.506,0
36.T1,36,OSB,443,7,0,Cycling,Oreiented Strand Board,,1.36,OSB,CYC,,,C12,1,,
37.T1,37,OSB,17,7,0,Cycling,Oreiented Strand Board,,1.37,OSB,CYC,2074000,20740,D1,1,84.419,234.721
38.T1,38,OSB,139,7,0,Cycling,Oreiented Strand Board,,1.38,OSB,CYC,,,D2,1,,
39.T1,39,OSB,427,7,0,Cycling,Oreiented Strand Board,,1.39,OSB,CYC,5063000,50630,D3,1,124.77,203.541
40.T1,40,OSB,49,7,0,Cycling,Oreiented Strand Board,,1.4,OSB,CYC,,,D4,1,,
41.T1,41,GW,34,7,0,Wet,Gypsum,,1.41,GW,WET,6161000,61610,D5,1,104.98,15.887
42.T1,42,GW,132,7,0,Wet,Gypsum,,1.42,GW,WET,,,D6,1,,
43.T1,43,GW,197,7,0,Wet,Gypsum,,1.43,GW,WET,12749000,127490,D7,1,332.449,4714.668
44.T1,44,GW,1806,7,0,Wet,Gypsum,,1.44,GW,WET,,,D8,1,,
45.T1,45,GW,3,7,0,Wet,Gypsum,,1.45,GW,WET,3843000,38430,D9,1,141.193,306.732
46.T1,46,GW,78,7,0,Wet,Gypsum,,1.46,GW,WET,,,D10,1,,
47.T1,47,GW,70,7,0,Wet,Gypsum,,1.47,GW,WET,10492000,104920,D11,1,77.539,411.554
48.T1,48,GW,164,7,0,Wet,Gypsum,,1.48,GW,WET,,,D12,1,,
49.T1,49,GW,60,7,0,Wet,Gypsum,,1.49,GW,WET,1403000,14030,E1,1,61.891,333.77
50.T1,50,GW,106,7,0,Wet,Gypsum,,1.5,GW,WET,,,E2,1,,
51.T1,51,GW,160,7,0,Cycling,Gypsum,,1.51,GW,CYC,3216363.636,32163.64,E3,1,31.283,0
52.T1,52,GW,187,7,0,Cycling,Gypsum,,1.52,GW,CYC,,,E4,1,,
53.T1,53,GW,99,7,0,Cycling,Gypsum,,1.53,GW,CYC,5246000,52460,E5,1,136.55,0
54.T1,54,GW,1042,7,0,Cycling,Gypsum,,1.54,GW,CYC,,,E6,1,,
55.T1,55,GW,346,7,0,Cycling,Gypsum,,1.55,GW,CYC,15616000,156160,E7,1,252.208,15267.618
56.T1,56,GW,326,7,0,Cycling,Gypsum,,1.56,GW,CYC,,,E8,1,,
57.T1,57,GW,256,7,0,Cycling,Gypsum,,1.57,GW,CYC,9089000,90890,E9,1,129.322,1326.125
58.T1,58,GW,672,7,0,Cycling,Gypsum,,1.58,GW,CYC,,,E10,1,,
59.T1,59,GW,561,7,0,Cycling,Gypsum,,1.59,GW,CYC,13847000,138470,E11,1,102.584,1032.511
60.T1,60,GW,541,7,0,Cycling,Gypsum,,1.6,GW,CYC,,,E12,1,,
,,,,,,,,,Neg.1,NA,NA,,,H1,1,,
,,,,,,,,,Pos.1,NA,NA,,,H12,1,,
1.T2,1,MDF,1453,21,1,Wet,Medium Density Fiberboard,,3.1,MDF,WET,47824000,478240,A1,3,1044.27,2205.881
2.T2,2,MDF,8839,21,1,Wet,Medium Density Fiberboard,,3.2,MDF,WET,,,A2,3,,
3.T2,3,MDF,4104,21,1,Wet,Medium Density Fiberboard,,3.3,MDF,WET,49471000,494710,A3,3,2229.755,212.864
4.T2,4,MDF,6300,21,1,Wet,Medium Density Fiberboard,,3.4,MDF,WET,,,A4,3,,
5.T2,5,MDF,9894,21,1,Wet,Medium Density Fiberboard,,3.5,MDF,WET,49593000,495930,A5,3,1049.279,782.107
6.T2,6,MDF,7287,21,1,Wet,Medium Density Fiberboard,,3.6,MDF,WET,,,A6,3,,
7.T2,7,MDF,7869,21,1,Wet,Medium Density Fiberboard,,3.7,MDF,WET,14884000,148840,A7,3,361.35,277.722
8.T2,8,MDF,8841,21,1,Wet,Medium Density Fiberboard,,3.8,MDF,WET,,,A8,3,,
9.T2,9,MDF,9999,21,1,Wet,Medium Density Fiberboard,,3.9,MDF,WET,42212000,422120,A9,3,1529.429,1384.693
10.T2,10,MDF,8226,21,1,Wet,Medium Density Fiberboard,,3.1,MDF,WET,,,A10,3,,
11.T2,11,MDF,87,21,1,Cycling,Medium Density Fiberboard,,3.11,MDF,CYC,10187000,101870,A11,3,423.7737,155.195
12.T2,12,MDF,9494,21,1,Cycling,Medium Density Fiberboard,,3.12,MDF,CYC,,,A12,3,,
13.T2,13,MDF,8381,21,1,Cycling,Medium Density Fiberboard,,3.13,MDF,CYC,28182000,281820,B1,3,584.177,246.343
14.T2,14,MDF,4988,21,1,Cycling,Medium Density Fiberboard,,3.14,MDF,CYC,,,B2,3,,
15.T2,15,MDF,403,21,1,Cycling,Medium Density Fiberboard,,3.15,MDF,CYC,11224000,112240,B3,3,656.883,1028.968
16.T2,16,MDF,1451,21,1,Cycling,Medium Density Fiberboard,,3.16,MDF,CYC,,,B4,3,,
17.T2,17,MDF,271,21,1,Cycling,Medium Density Fiberboard,,3.17,MDF,CYC,13298000,132980,B5,3,427.887,564.202
18.T2,18,MDF,739,21,1,Cycling,Medium Density Fiberboard,,3.18,MDF,CYC,,,B6,3,,
19.T2,19,MDF,106,21,1,Cycling,Medium Density Fiberboard,,3.19,MDF,CYC,12749000,127490,B7,3,615.882,896.661
20.T2,20,MDF,3236,21,1,Cycling,Medium Density Fiberboard,,3.2,MDF,CYC,,,B8,3,,
21.T2,21,OSB,2534,21,1,Wet,Oreiented Strand Board,,3.21,OSB,WET,18300000,183000,B9,3,2735.616,626.706
22.T2,22,OSB,6477,21,1,Wet,Oreiented Strand Board,,3.22,OSB,WET,,,B10,3,,
23.T2,23,OSB,2013,21,1,Wet,Oreiented Strand Board,,3.23,OSB,WET,19154000,191540,B11,3,1696.619,1600.803
24.T2,24,OSB,1496,21,1,Wet,Oreiented Strand Board,,3.24,OSB,WET,,,B12,3,,
25.T2,25,OSB,3083,21,1,Wet,Oreiented Strand Board,,3.25,OSB,WET,9943000,99430,C1,3,1140.101,561.377
26.T2,26,OSB,1483,21,1,Wet,Oreiented Strand Board,,3.26,OSB,WET,,,C2,3,,
27.T2,27,OSB,6517,21,1,Wet,Oreiented Strand Board,,3.27,OSB,WET,19581000,195810,C3,3,541.661,1971.376
28.T2,28,OSB,1719,21,1,Wet,Oreiented Strand Board,,3.28,OSB,WET,,,C4,3,,
29.T2,29,OSB,3365,21,1,Wet,Oreiented Strand Board,,3.29,OSB,WET,21533000,215330,C5,3,496.797,3473.405
30.T2,30,OSB,2441,21,1,Wet,Oreiented Strand Board,,3.3,OSB,WET,,,C6,3,,
31.T2,31,OSB,2710,21,1,Cycling,Oreiented Strand Board,,3.31,OSB,CYC,27511000,275110,C7,3,1172.534,1221
32.T2,32,OSB,4963,21,1,Cycling,Oreiented Strand Board,,3.32,OSB,CYC,,,C8,3,,
33.T2,33,OSB,208,21,1,Cycling,Oreiented Strand Board,,3.33,OSB,CYC,6771000,67710,C9,3,649.778,279.646
34.T2,34,OSB,4226,21,1,Cycling,Oreiented Strand Board,,3.34,OSB,CYC,,,C10,3,,
35.T2,35,OSB,5610,21,1,Cycling,Oreiented Strand Board,,3.35,OSB,CYC,38430000,384300,C11,3,721.434,3782.612
36.T2,36,OSB,6210,21,1,Cycling,Oreiented Strand Board,,3.36,OSB,CYC,,,C12,3,,
37.T2,37,OSB,,21,1,Cycling,Oreiented Strand Board,,3.37,OSB,CYC,,,D1,3,,
38.T2,38,OSB,1127,21,1,Cycling,Oreiented Strand Board,,3.38,OSB,CYC,37698000,376980,D2,3,362.141,240.268
39.T2,39,OSB,5793,21,1,Cycling,Oreiented Strand Board,,3.39,OSB,CYC,16531000,165310,D3,3,944.997,571.98
40.T2,40,OSB,543,21,1,Cycling,Oreiented Strand Board,,3.4,OSB,CYC,,,D4,3,,
41.T2,41,GW,469,21,1,Wet,Gypsum,,3.41,GW,WET,,,D5,3,,
42.T2,42,GW,1017,21,1,Wet,Gypsum,,3.42,GW,WET,50630000,506300,D6,3,1098.688,1937.806
43.T2,43,GW,816,21,1,Wet,Gypsum,,3.43,GW,WET,,,D7,3,,
44.T2,44,GW,1263,21,1,Wet,Gypsum,,3.44,GW,WET,,,D8,3,,
45.T2,45,GW,,21,1,Wet,Gypsum,,3.45,GW,WET,29341000,293410,D9,3,666.257,2260.684
46.T2,46,GW,1214,21,1,Wet,Gypsum,,3.46,GW,WET,,,D10,3,,
47.T2,47,GW,1460,21,1,Wet,Gypsum,,3.47,GW,WET,21899000,218990,D11,3,1082.914,1796.715
48.T2,48,GW,537,21,1,Wet,Gypsum,,3.48,GW,WET,,,D12,3,,
49.T2,49,GW,677,21,1,Wet,Gypsum,,3.49,GW,WET,,,E1,3,1042.676,2774.793
50.T2,50,GW,203,21,1,Wet,Gypsum,,3.5,GW,CYC,22265000,222650,E2,3,588.286,2648.023
51.T2,51,GW,789,21,1,Cycling,Gypsum,,3.51,GW,CYC,12810000,128100,E3,3,758.585,1237.825
52.T2,52,GW,1149,21,1,Cycling,Gypsum,,3.52,GW,CYC,,,E4,3,,
53.T2,53,GW,423,21,1,Cycling,Gypsum,,3.53,GW,CYC,9882000,98820,E5,3,410.144,2278.88
54.T2,54,GW,997,21,1,Cycling,Gypsum,,3.54,GW,CYC,,,E6,3,,
55.T2,55,GW,419,21,1,Cycling,Gypsum,,3.55,GW,CYC,31354000,313540,E7,3,675.337,4059.762
56.T2,56,GW,4688,21,1,Cycling,Gypsum,,3.56,GW,CYC,,,E8,3,,
57.T2,57,GW,571,21,1,Cycling,Gypsum,,3.57,GW,CYC,37637000,376370,E9,3,788.082,1483.218
58.T2,58,GW,297,21,1,Cycling,Gypsum,,3.58,GW,CYC,,,E10,3,,
59.T2,59,GW,331,21,1,Cycling,Gypsum,,3.59,GW,CYC,23241000,232410,E11,3,1279.279,1798.567
60.T2,60,GW,762,21,1,Cycling,Gypsum,,3.6,GW,CYC,,,E12,3,,
,,,,,,,,,Neg.3,NA,NA,,,H1,3,,
,,,,,,,,,Pos.3,NA,NA,,,H12,3,,
1.T3,1,MDF,1,35,,Wet,Medium Density Fiberboard,,5.1,MDF,WET,15494000,154940,A1,5,603.201,656.09
2.T3,2,MDF,1667,35,,Wet,Medium Density Fiberboard,,5.2,MDF,WET,,,A2,5,,
3.T3,3,MDF,873,35,,Wet,Medium Density Fiberboard,,5.3,MDF,WET,29585000,295850,A3,5,942.099,2460.156
4.T3,4,MDF,614,35,,Wet,Medium Density Fiberboard,,5.4,MDF,WET,,,A4,5,,
5.T3,5,MDF,604,35,,Wet,Medium Density Fiberboard,,5.5,MDF,WET,28836364,288363.6,A5,5,420.699,566.011
6.T3,6,MDF,7,35,,Wet,Medium Density Fiberboard,,5.6,MDF,WET,,,A6,5,,
7.T3,7,MDF,3911,35,,Wet,Medium Density Fiberboard,,5.7,MDF,WET,40565000,405650,A7,5,820.234,1275.808
8.T3,8,MDF,997,35,,Wet,Medium Density Fiberboard,,5.8,MDF,WET,,,A8,5,,
9.T3,9,MDF,848,35,,Wet,Medium Density Fiberboard,,5.9,MDF,WET,23790000,237900,A9,5,423.475,250.899
10.T3,10,MDF,2097,35,,Wet,Medium Density Fiberboard,,5.1,MDF,WET,,,A10,5,,
11.T3,11,MDF,1962,35,,Cycling,Medium Density Fiberboard,,5.11,MDF,CYC,9760000,97600,A11,5,418.102,0
12.T3,12,MDF,2617,35,,Cycling,Medium Density Fiberboard,,5.12,MDF,CYC,,,A12,5,,
13.T3,13,MDF,946,35,,Cycling,Medium Density Fiberboard,,5.13,MDF,CYC,12322000,123220,B1,5,735.917,85.798
14.T3,14,MDF,879,35,,Cycling,Medium Density Fiberboard,,5.14,MDF,CYC,,,B2,5,,
15.T3,15,MDF,1527,35,,Cycling,Medium Density Fiberboard,,5.15,MDF,CYC,4880000,48800,B3,5,629.742,146.286
16.T3,16,MDF,643,35,,Cycling,Medium Density Fiberboard,,5.16,MDF,CYC,,,B4,5,,
17.T3,17,MDF,1594,35,,Cycling,Medium Density Fiberboard,,5.17,MDF,CYC,9638000,96380,B5,5,477.136,252.196
18.T3,18,MDF,1346,35,,Cycling,Medium Density Fiberboard,,5.18,MDF,CYC,,,B6,5,,
19.T3,19,MDF,na,35,,Cycling,Medium Density Fiberboard,,5.19,MDF,CYC,15677000,156770,B7,5,429.738,247.946
20.T3,20,MDF,517,35,,Cycling,Medium Density Fiberboard,,5.2,MDF,CYC,,,B8,5,,
21.T3,21,OSB,903,35,,Wet,Oreiented Strand Board,,5.21,OSB,WET,15555000,155550,B9,5,1056.909,2631.608
22.T3,22,OSB,2900,35,,Wet,Oreiented Strand Board,,5.22,OSB,WET,,,B10,5,,
23.T3,23,OSB,1467,35,,Wet,Oreiented Strand Board,,5.23,OSB,WET,,,B11,5,,
24.T3,24,OSB,2087,35,,Wet,Oreiented Strand Board,,5.24,OSB,WET,,,B12,5,,
25.T3,25,OSB,912,35,,Wet,Oreiented Strand Board,,5.25,OSB,WET,,,C1,5,,
26.T3,26,OSB,2757,35,,Wet,Oreiented Strand Board,,5.26,OSB,WET,,,C2,5,,
27.T3,27,OSB,2614,35,,Wet,Oreiented Strand Board,,5.27,OSB,WET,47031000,470310,C3,5,1157.837,5037.76
28.T3,28,OSB,3495,35,,Wet,Oreiented Strand Board,,5.28,OSB,WET,,,C4,5,,
29.T3,29,OSB,2061,35,,Wet,Oreiented Strand Board,,5.29,OSB,WET,41236000,412360,C5,5,1677.237,0
30.T3,30,OSB,1527,35,,Wet,Oreiented Strand Board,,5.3,OSB,WET,,,C6,5,,
31.T3,31,OSB,2520,35,,Cycling,Oreiented Strand Board,,5.31,OSB,CYC,18605000,186050,C7,5,1801.153,7060.047
32.T3,32,OSB,5677,35,,Cycling,Oreiented Strand Board,,5.32,OSB,CYC,,,C8,5,,
33.T3,33,OSB,1890,35,,Cycling,Oreiented Strand Board,,5.33,OSB,CYC,6466000,64660,C9,5,797.199,1889.97
34.T3,34,OSB,1117,35,,Cycling,Oreiented Strand Board,,5.34,OSB,CYC,,,C10,5,,
35.T3,35,OSB,532,35,,Cycling,Oreiented Strand Board,,5.35,OSB,CYC,9089000,90890,C11,5,833.545,1747.731
36.T3,36,OSB,3040,35,,Cycling,Oreiented Strand Board,,5.36,OSB,CYC,,,C12,5,,
37.T3,37,OSB,1763,35,,Cycling,Oreiented Strand Board,,5.37,OSB,CYC,12932000,129320,D1,5,741.078,1008.879
38.T3,38,OSB,1046,35,,Cycling,Oreiented Strand Board,,5.38,OSB,CYC,,,D2,5,,
39.T3,39,OSB,3061,35,,Cycling,Oreiented Strand Board,,5.39,OSB,CYC,5063000,50630,D3,5,211.555,779.87
40.T3,40,OSB,2543,35,,Cycling,Oreiented Strand Board,,5.4,OSB,CYC,,,D4,5,,
41.T3,41,GW,3414,35,,Wet,Gypsum,,5.41,GW,WET,19032000,190320,D5,5,340.857,3098.352
42.T3,42,GW,645,35,,Wet,Gypsum,,5.42,GW,WET,,,D6,5,,
43.T3,43,GW,797,35,,Wet,Gypsum,,5.43,GW,WET,81801000,818010,D7,5,1033.794,11841.608
44.T3,44,GW,1105,35,,Wet,Gypsum,,5.44,GW,WET,,,D8,5,,
45.T3,45,GW,322,35,,Wet,Gypsum,,5.45,GW,WET,18910000,189100,D9,5,857.148,2918.262
46.T3,46,GW,1166,35,,Wet,Gypsum,,5.46,GW,WET,,,D10,5,,
47.T3,47,GW,958,35,,Wet,Gypsum,,5.47,GW,WET,15372000,153720,D11,5,1124.064,2068.893
48.T3,48,GW,1476,35,,Wet,Gypsum,,5.48,GW,WET,,,D12,5,,
49.T3,49,GW,2004,35,,Wet,Gypsum,,5.49,GW,WET,56059000,560590,E1,5,587.063,4103.301
50.T3,50,GW,898,35,,Wet,Gypsum,,5.5,GW,WET,,,E2,5,,
51.T3,51,GW,1226,35,,Cycling,Gypsum,,5.51,GW,CYC,7869000,78690,E3,5,704.094,2941.31
52.T3,52,GW,1240,35,,Cycling,Gypsum,,5.52,GW,CYC,,,E4,5,,
53.T3,53,GW,761,35,,Cycling,Gypsum,,5.53,GW,CYC,4331000,43310,E5,5,660.793,2212.04
54.T3,54,GW,560,35,,Cycling,Gypsum,,5.54,GW,CYC,,,E6,5,,
55.T3,55,GW,610,35,,Cycling,Gypsum,,5.55,GW,CYC,4636000,46360,E7,5,325.859,1117.456
56.T3,56,GW,7434,35,,Cycling,Gypsum,,5.56,GW,CYC,,,E8,5,,
57.T3,57,GW,1159,35,,Cycling,Gypsum,,5.57,GW,CYC,10065000,100650,E9,5,1041.414,3120.009
58.T3,58,GW,449,35,,Cycling,Gypsum,,5.58,GW,CYC,,,E10,5,,
59.T3,59,GW,704,35,,Cycling,Gypsum,,5.59,GW,CYC,7259000,72590,E11,5,126.165,8961.262
60.T3,60,GW,700,35,,Cycling,Gypsum,,5.6,GW,CYC,,,E12,5,,
,,,,,,,,,Neg.5,NA,NA,,,H1,5,,
,,,,,,,,,Pos.5,NA,NA,,,H12,5,,
1.T4,1,MDF,85,49,,Wet,Medium Density Fiberboard,,7.1,MDF,WET,34282000,342820,A1,7,299.874,2046.099
2.T4,2,MDF,174,49,,Wet,Medium Density Fiberboard,,7.2,MDF,WET,,,A2,7,,
3.T4,3,MDF,2600,49,,Wet,Medium Density Fiberboard,,7.3,MDF,WET,14945000,149450,A3,7,2265.255,3935.815
4.T4,4,MDF,580,49,,Wet,Medium Density Fiberboard,,7.4,MDF,WET,,,A4,7,,
5.T4,5,MDF,639,49,,Wet,Medium Density Fiberboard,,7.5,MDF,WET,7930000,79300,A5,7,175.795,108.277
6.T4,6,MDF,460,49,,Wet,Medium Density Fiberboard,,7.6,MDF,WET,,,A6,7,,
7.T4,7,MDF,6023,49,,Wet,Medium Density Fiberboard,,7.7,MDF,WET,11712000,117120,A7,7,173.193,1121.403
8.T4,8,MDF,4062,49,,Wet,Medium Density Fiberboard,,7.8,MDF,WET,,,A8,7,,
9.T4,9,MDF,357,49,,Wet,Medium Density Fiberboard,,7.9,MDF,WET,28304000,283040,A9,7,170.62,1008.985
10.T4,10,MDF,1578,49,,Wet,Medium Density Fiberboard,,7.1,MDF,WET,,,A10,7,,
11.T4,11,MDF,1606,49,,Cycling,Medium Density Fiberboard,,7.11,MDF,CYC,18521818,185218.2,A11,7,226.515,99.24
12.T4,12,MDF,5457,49,,Cycling,Medium Density Fiberboard,,7.12,MDF,CYC,,,A12,7,,
13.T4,13,MDF,957,49,,Cycling,Medium Density Fiberboard,,7.13,MDF,CYC,4148000,41480,B1,7,118.847,466.215
14.T4,14,MDF,4220,49,,Cycling,Medium Density Fiberboard,,7.14,MDF,CYC,,,B2,7,,
15.T4,15,MDF,3876,49,,Cycling,Medium Density Fiberboard,,7.15,MDF,CYC,1769000,17690,B3,7,172.509,208.244
16.T4,16,MDF,3515,49,,Cycling,Medium Density Fiberboard,,7.16,MDF,CYC,,,B4,7,,
17.T4,17,MDF,3243,49,,Cycling,Medium Density Fiberboard,,7.17,MDF,CYC,7930000,79300,B5,7,138.11,326.676
18.T4,18,MDF,4239,49,,Cycling,Medium Density Fiberboard,,7.18,MDF,CYC,,,B6,7,,
19.T4,19,MDF,1865,49,,Cycling,Medium Density Fiberboard,,7.19,MDF,CYC,6710000,67100,B7,7,170.717,52.076
20.T4,20,MDF,2411,49,,Cycling,Medium Density Fiberboard,,7.2,MDF,CYC,,,B8,7,,
21.T4,21,OSB,310,49,,Wet,Oreiented Strand Board,,7.21,OSB,WET,73688000,736880,B9,7,2723.534,685.881
22.T4,22,OSB,411,49,,Wet,Oreiented Strand Board,,7.22,OSB,WET,,,B10,7,,
23.T4,23,OSB,826,49,,Wet,Oreiented Strand Board,,7.23,OSB,WET,89731000,897310,B11,7,6489.33,17607.474
24.T4,24,OSB,915,49,,Wet,Oreiented Strand Board,,7.24,OSB,WET,,,B12,7,,
25.T4,25,OSB,133,49,,Wet,Oreiented Strand Board,,7.25,OSB,WET,47153000,471530,C1,7,799.5439,3705.085
26.T4,26,OSB,1022,49,,Wet,Oreiented Strand Board,,7.26,OSB,WET,,,C2,7,,
27.T4,27,OSB,237,49,,Wet,Oreiented Strand Board,,7.27,OSB,WET,81313000,813130,C3,7,1261.015,18814.463
28.T4,28,OSB,343,49,,Wet,Oreiented Strand Board,,7.28,OSB,WET,,,C4,7,,
29.T4,29,OSB,517,49,,Wet,Oreiented Strand Board,,7.29,OSB,WET,62647000,626470,C5,7,894.673,6266.798
30.T4,30,OSB,608,49,,Wet,Oreiented Strand Board,,7.3,OSB,WET,,,C6,7,,
31.T4,31,OSB,1452,49,,Cycling,Oreiented Strand Board,,7.31,OSB,CYC,32208000,322080,C7,7,1309.403,2444.966
32.T4,32,OSB,4734,49,,Cycling,Oreiented Strand Board,,7.32,OSB,CYC,,,C8,7,,
33.T4,33,OSB,671,49,,Cycling,Oreiented Strand Board,,7.33,OSB,CYC,18361000,183610,C9,7,850.752,736.641
34.T4,34,OSB,372,49,,Cycling,Oreiented Strand Board,,7.34,OSB,CYC,,,C10,7,,
35.T4,35,OSB,231,49,,Cycling,Oreiented Strand Board,,7.35,OSB,CYC,53619000,536190,C11,7,1551.513,5660.446
36.T4,36,OSB,724,49,,Cycling,Oreiented Strand Board,,7.36,OSB,CYC,,,C12,7,,
37.T4,37,OSB,481,49,,Cycling,Oreiented Strand Board,,7.37,OSB,CYC,12017000,120170,D1,7,451.386,910.881
38.T4,38,OSB,218,49,,Cycling,Oreiented Strand Board,,7.38,OSB,CYC,,,D2,7,,
39.T4,39,OSB,399,49,,Cycling,Oreiented Strand Board,,7.39,OSB,CYC,24400000,244000,D3,7,315.937,1074.968
40.T4,40,OSB,126,49,,Cycling,Oreiented Strand Board,,7.4,OSB,CYC,,,D4,7,,
41.T4,41,GW,9637,49,,Wet,Gypsum,,7.41,GW,WET,4575000,45750,D5,7,1973.521,1903.279
42.T4,42,GW,2240,49,,Wet,Gypsum,,7.42,GW,WET,,,D6,7,,
43.T4,43,GW,1325,49,,Wet,Gypsum,,7.43,GW,WET,18727000,187270,D7,7,388.3199,395.54
44.T4,44,GW,1928,49,,Wet,Gypsum,,7.44,GW,WET,,,D8,7,,
45.T4,45,GW,3777,49,,Wet,Gypsum,,7.45,GW,WET,33306000,333060,D9,7,560.08,1496.066
46.T4,46,GW,336,49,,Wet,Gypsum,,7.46,GW,WET,,,D10,7,,
47.T4,47,GW,1994,49,,Wet,Gypsum,,7.47,GW,WET,7503000,75030,D11,7,1390.983,1531.318
48.T4,48,GW,867,49,,Wet,Gypsum,,7.48,GW,WET,,,D12,7,,
49.T4,49,GW,na,49,,Wet,Gypsum,,7.49,GW,WET,78324000,783240,E1,7,713.1,15.009
50.T4,50,GW,802,49,,Wet,Gypsum,,7.5,GW,CYC,,,E2,7,,
51.T4,51,GW,4701,49,,Cycling,Gypsum,,7.51,GW,CYC,2257000,22570,E3,7,155.182,1264.198
52.T4,52,GW,3293,49,,Cycling,Gypsum,,7.52,GW,CYC,,,E4,7,,
53.T4,53,GW,4068,49,,Cycling,Gypsum,,7.53,GW,CYC,4636000,46360,E5,7,53.33,560.949
54.T4,54,GW,2469,49,,Cycling,Gypsum,,7.54,GW,CYC,,,E6,7,,
55.T4,55,GW,3947,49,,Cycling,Gypsum,,7.55,GW,CYC,7381000,73810,E7,7,122.354,1080.241
56.T4,56,GW,1574,49,,Cycling,Gypsum,,7.56,GW,CYC,,,E8,7,,
57.T4,57,GW,2528,49,,Cycling,Gypsum,,7.57,GW,CYC,3233000,32330,E9,7,78.433,440.763
58.T4,58,GW,2596,49,,Cycling,Gypsum,,7.58,GW,CYC,,,E10,7,,
59.T4,59,GW,4631,49,,Cycling,Gypsum,,7.59,GW,CYC,4575000,45750,E11,7,155.332,861.989
60.T4,60,GW,2632,49,,Cycling,Gypsum,,7.6,GW,CYC,,,E12,7,,
,,,,,,,,,Neg.7,NA,NA,,,H1,7,,
,,,,,,,,,Pos.7,NA,NA,,,H12,7,,
