Plate,Well,Primer,Sequence
Plate1,A01,806rcbc0,TCC CTT GTC TCC CCG GAC TAC HVG GGT WTC TAA T
Plate1,A02,806rcbc1,ACG AGA CTG ATT CCG GAC TAC HVG GGT WTC TAA T
Plate1,A03,806rcbc2,GCT GTA CGG ATT CCG GAC TAC HVG GGT WTC TAA T
Plate1,A04,806rcbc3,ATC ACC AGG TGT CCG GAC TAC HVG GGT WTC TAA T
Plate1,A05,806rcbc4,TGG TCA ACG ATA CCG GAC TAC HVG GGT WTC TAA T
Plate1,A06,806rcbc5,ATC GCA CAG TAA CCG GAC TAC HVG GGT WTC TAA T
Plate1,A07,806rcbc6,GTC GTG TAG CCT CCG GAC TAC HVG GGT WTC TAA T
Plate1,A08,806rcbc7,AGC GGA GGT TAG CCG GAC TAC HVG GGT WTC TAA T
Plate1,A09,806rcbc8,ATC CTT TGG TTC CCG GAC TAC HVG GGT WTC TAA T
Plate1,A10,806rcbc9,TAC AGC GCA TAC CCG GAC TAC HVG GGT WTC TAA T
Plate1,A11,806rcbc10,ACC GGT ATG TAC CCG GAC TAC HVG GGT WTC TAA T
Plate1,A12,806rcbc11,AAT TGT GTC GGA CCG GAC TAC HVG GGT WTC TAA T
Plate1,B01,806rcbc12,TGC ATA CAC TGG CCG GAC TAC HVG GGT WTC TAA T
Plate1,B02,806rcbc13,AGT CGA ACG AGG CCG GAC TAC HVG GGT WTC TAA T
Plate1,B03,806rcbc14,ACC AGT GAC TCA CCG GAC TAC HVG GGT WTC TAA T
Plate1,B04,806rcbc15,GAA TAC CAA GTC CCG GAC TAC HVG GGT WTC TAA T
Plate1,B05,806rcbc16,GTA GAT CGT GTA CCG GAC TAC HVG GGT WTC TAA T
Plate1,B06,806rcbc17,TAA CGT GTG TGC CCG GAC TAC HVG GGT WTC TAA T
Plate1,B07,806rcbc18,CAT TAT GGC GTG CCG GAC TAC HVG GGT WTC TAA T
Plate1,B08,806rcbc19,CCA ATA CGC CTG CCG GAC TAC HVG GGT WTC TAA T
Plate1,B09,806rcbc20,GAT CTG CGA TCC CCG GAC TAC HVG GGT WTC TAA T
Plate1,B10,806rcbc21,CAG CTC ATC AGC CCG GAC TAC HVG GGT WTC TAA T
Plate1,B11,806rcbc22,CAA ACA ACA GCT CCG GAC TAC HVG GGT WTC TAA T
Plate1,B12,806rcbc23,GCA ACA CCA TCC CCG GAC TAC HVG GGT WTC TAA T
Plate1,C01,806rcbc24,GCG ATA TAT CGC CCG GAC TAC HVG GGT WTC TAA T
Plate1,C02,806rcbc25,CGA GCA ATC CTA CCG GAC TAC HVG GGT WTC TAA T
Plate1,C03,806rcbc26,AGT CGT GCA CAT CCG GAC TAC HVG GGT WTC TAA T
Plate1,C04,806rcbc27,GTA TCT GCG CGT CCG GAC TAC HVG GGT WTC TAA T
Plate1,C05,806rcbc28,CGA GGG AAA GTC CCG GAC TAC HVG GGT WTC TAA T
Plate1,C06,806rcbc29,CAA ATT CGG GAT CCG GAC TAC HVG GGT WTC TAA T
Plate1,C07,806rcbc30,AGA TTG ACC AAC CCG GAC TAC HVG GGT WTC TAA T
Plate1,C08,806rcbc31,AGT TAC GAG CTA CCG GAC TAC HVG GGT WTC TAA T
Plate1,C09,806rcbc32,GCA TAT GCA CTG CCG GAC TAC HVG GGT WTC TAA T
Plate1,C10,806rcbc33,CAA CTC CCG TGA CCG GAC TAC HVG GGT WTC TAA T
Plate1,C11,806rcbc34,TTG CGT TAG CAG CCG GAC TAC HVG GGT WTC TAA T
Plate1,C12,806rcbc35,TAC GAG CCC TAA CCG GAC TAC HVG GGT WTC TAA T
Plate1,D01,806rcbc36,CAC TAC GCT AGA CCG GAC TAC HVG GGT WTC TAA T
Plate1,D02,806rcbc37,TGC AGT CCT CGA CCG GAC TAC HVG GGT WTC TAA T
Plate1,D03,806rcbc38,ACC ATA GCT CCG CCG GAC TAC HVG GGT WTC TAA T
Plate1,D04,806rcbc39,TCG ACA TCT CTT CCG GAC TAC HVG GGT WTC TAA T
Plate1,D05,806rcbc40,GAA CAC TTT GGA CCG GAC TAC HVG GGT WTC TAA T
Plate1,D06,806rcbc41,GAG CCA TCT GTA CCG GAC TAC HVG GGT WTC TAA T
Plate1,D07,806rcbc42,TTG GGT ACA CGT CCG GAC TAC HVG GGT WTC TAA T
Plate1,D08,806rcbc43,AAG GCG CTC CTT CCG GAC TAC HVG GGT WTC TAA T
Plate1,D09,806rcbc44,TAA TAC GGA TCG CCG GAC TAC HVG GGT WTC TAA T
Plate1,D10,806rcbc45,TCG GAA TTA GAC CCG GAC TAC HVG GGT WTC TAA T
Plate1,D11,806rcbc46,TGT GAA TTC GGA CCG GAC TAC HVG GGT WTC TAA T
Plate1,D12,806rcbc47,CAT TCG TGG CGT CCG GAC TAC HVG GGT WTC TAA T
Plate1,E01,806rcbc48,TAC TAC GTG GCC CCG GAC TAC HVG GGT WTC TAA T
Plate1,E02,806rcbc49,GGC CAG TTC CTA CCG GAC TAC HVG GGT WTC TAA T
Plate1,E03,806rcbc50,GAT GTT CGC TAG CCG GAC TAC HVG GGT WTC TAA T
Plate1,E04,806rcbc51,CTA TCT CCT GTC CCG GAC TAC HVG GGT WTC TAA T
Plate1,E05,806rcbc52,ACT CAC AGG AAT CCG GAC TAC HVG GGT WTC TAA T
Plate1,E06,806rcbc53,ATG ATG AGC CTC CCG GAC TAC HVG GGT WTC TAA T
Plate1,E07,806rcbc54,GTC GAC AGA GGA CCG GAC TAC HVG GGT WTC TAA T
Plate1,E08,806rcbc55,TGT CGC AAA TAG CCG GAC TAC HVG GGT WTC TAA T
Plate1,E09,806rcbc56,CAT CCC TCT ACT CCG GAC TAC HVG GGT WTC TAA T
Plate1,E10,806rcbc57,TAT ACC GCT GCG CCG GAC TAC HVG GGT WTC TAA T
Plate1,E11,806rcbc58,AGT TGA GGC ATT CCG GAC TAC HVG GGT WTC TAA T
Plate1,E12,806rcbc59,ACA ATA GAC ACC CCG GAC TAC HVG GGT WTC TAA T
Plate1,F01,806rcbc60,CGG TCA ATT GAC CCG GAC TAC HVG GGT WTC TAA T
Plate1,F02,806rcbc61,GTG GAG TCT CAT CCG GAC TAC HVG GGT WTC TAA T
Plate1,F03,806rcbc62,GCT CGA AGA TTC CCG GAC TAC HVG GGT WTC TAA T
Plate1,F04,806rcbc63,AGG CTT ACG TGT CCG GAC TAC HVG GGT WTC TAA T
Plate1,F05,806rcbc64,TCT CTA CCA CTC CCG GAC TAC HVG GGT WTC TAA T
Plate1,F06,806rcbc65,ACT TCC AAC TTC CCG GAC TAC HVG GGT WTC TAA T
Plate1,F07,806rcbc66,CTC ACC TAG GAA CCG GAC TAC HVG GGT WTC TAA T
Plate1,F08,806rcbc67,GTG TTG TCG TGC CCG GAC TAC HVG GGT WTC TAA T
Plate1,F09,806rcbc68,CCA CAG ATC GAT CCG GAC TAC HVG GGT WTC TAA T
Plate1,F10,806rcbc69,TAT CGA CAC AAG CCG GAC TAC HVG GGT WTC TAA T
Plate1,F11,806rcbc70,GAT TCC GGC TCA CCG GAC TAC HVG GGT WTC TAA T
Plate1,F12,806rcbc71,CGT AAT TGC CGC CCG GAC TAC HVG GGT WTC TAA T
Plate1,G01,806rcbc72,GGT GAC TAG TTC CCG GAC TAC HVG GGT WTC TAA T
Plate1,G02,806rcbc73,ATG GGT TCC GTC CCG GAC TAC HVG GGT WTC TAA T
Plate1,G03,806rcbc74,TAG GCA TGC TTG CCG GAC TAC HVG GGT WTC TAA T
Plate1,G04,806rcbc75,AAC TAG TTC AGG CCG GAC TAC HVG GGT WTC TAA T
Plate1,G05,806rcbc76,ATT CTG CCG AAG CCG GAC TAC HVG GGT WTC TAA T
Plate1,G06,806rcbc77,AGC ATG TCC CGT CCG GAC TAC HVG GGT WTC TAA T
Plate1,G07,806rcbc78,GTA CGA TAT GAC CCG GAC TAC HVG GGT WTC TAA T
Plate1,G08,806rcbc79,GTG GTG GTT TCC CCG GAC TAC HVG GGT WTC TAA T
Plate1,G09,806rcbc80,TAG TAT GCG CAA CCG GAC TAC HVG GGT WTC TAA T
Plate1,G10,806rcbc81,TGC GCT GAA TGT CCG GAC TAC HVG GGT WTC TAA T
Plate1,G11,806rcbc82,ATG GCT GTC AGT CCG GAC TAC HVG GGT WTC TAA T
Plate1,G12,806rcbc83,GTT CTC TTC TCG CCG GAC TAC HVG GGT WTC TAA T
Plate1,H01,806rcbc84,CGT AAG ATG CCT CCG GAC TAC HVG GGT WTC TAA T
Plate1,H02,806rcbc85,GCG TTC TAG CTG CCG GAC TAC HVG GGT WTC TAA T
Plate1,H03,806rcbc86,GTT GTT CTG GGA CCG GAC TAC HVG GGT WTC TAA T
Plate1,H04,806rcbc87,GGA CTT CCA GCT CCG GAC TAC HVG GGT WTC TAA T
Plate1,H05,806rcbc88,CTC ACA ACC GTG CCG GAC TAC HVG GGT WTC TAA T
Plate1,H06,806rcbc89,CTG CTA TTC CTC CCG GAC TAC HVG GGT WTC TAA T
Plate1,H07,806rcbc90,ATG TCA CCG CTG CCG GAC TAC HVG GGT WTC TAA T
Plate1,H08,806rcbc91,TGT AAC GCC GAT CCG GAC TAC HVG GGT WTC TAA T
Plate1,H09,806rcbc92,AGC AGA ACA TCT CCG GAC TAC HVG GGT WTC TAA T
Plate1,H10,806rcbc93,TGG AGT AGG TGG CCG GAC TAC HVG GGT WTC TAA T
Plate1,H11,806rcbc94,TTG GCT CTA TTC CCG GAC TAC HVG GGT WTC TAA T
Plate1,H12,806rcbc95,GAT CCC ACG TAC CCG GAC TAC HVG GGT WTC TAA T
Plate2,A01,806rcbc96,TAC CGC TTC TTC CCG GAC TAC HVG GGT WTC TAA T
Plate2,A02,806rcbc97,TGT GCG ATA ACA CCG GAC TAC HVG GGT WTC TAA T
Plate2,A03,806rcbc98,GAT TAT CGA CGA CCG GAC TAC HVG GGT WTC TAA T
Plate2,A04,806rcbc99,GCC TAG CCC AAT CCG GAC TAC HVG GGT WTC TAA T
Plate2,A05,806rcbc100,GAT GTA TGT GGT CCG GAC TAC HVG GGT WTC TAA T
Plate2,A06,806rcbc101,ACT CCT TGT GTT CCG GAC TAC HVG GGT WTC TAA T
Plate2,A07,806rcbc102,GTC ACG GAC ATT CCG GAC TAC HVG GGT WTC TAA T
Plate2,A08,806rcbc103,GCG AGC GAA GTA CCG GAC TAC HVG GGT WTC TAA T
Plate2,A09,806rcbc104,ATC TAC CGA AGC CCG GAC TAC HVG GGT WTC TAA T
Plate2,A10,806rcbc105,ACT TGG TGT AAG CCG GAC TAC HVG GGT WTC TAA T
Plate2,A11,806rcbc106,TCT TGG AGG TCA CCG GAC TAC HVG GGT WTC TAA T
Plate2,A12,806rcbc107,TCA CCT CCT TGT CCG GAC TAC HVG GGT WTC TAA T
Plate2,B01,806rcbc108,GCA CAC CTG ATA CCG GAC TAC HVG GGT WTC TAA T
Plate2,B02,806rcbc109,GCG ACA ATT ACA CCG GAC TAC HVG GGT WTC TAA T
Plate2,B03,806rcbc110,TCA TGC TCC ATT CCG GAC TAC HVG GGT WTC TAA T
Plate2,B04,806rcbc111,AGC TGT CAA GCT CCG GAC TAC HVG GGT WTC TAA T
Plate2,B05,806rcbc112,GAG AGC AAC AGA CCG GAC TAC HVG GGT WTC TAA T
Plate2,B06,806rcbc113,TAC TCG GGA ACT CCG GAC TAC HVG GGT WTC TAA T
Plate2,B07,806rcbc114,CGT GCT TAG GCT CCG GAC TAC HVG GGT WTC TAA T
Plate2,B08,806rcbc115,TAC CGA AGG TAT CCG GAC TAC HVG GGT WTC TAA T
Plate2,B09,806rcbc116,CAC TCA TCA TTC CCG GAC TAC HVG GGT WTC TAA T
Plate2,B10,806rcbc117,GTA TTT CGG ACG CCG GAC TAC HVG GGT WTC TAA T
Plate2,B11,806rcbc118,TAT CTA TCC TGC CCG GAC TAC HVG GGT WTC TAA T
Plate2,B12,806rcbc119,TTG CCA AGA GTC CCG GAC TAC HVG GGT WTC TAA T
Plate2,C01,806rcbc120,AGT AGC GGA AGA CCG GAC TAC HVG GGT WTC TAA T
Plate2,C02,806rcbc121,GCA ATT AGG TAC CCG GAC TAC HVG GGT WTC TAA T
Plate2,C03,806rcbc122,CAT ACC GTG AGT CCG GAC TAC HVG GGT WTC TAA T
Plate2,C04,806rcbc123,ATG TGT GTA GAC CCG GAC TAC HVG GGT WTC TAA T
Plate2,C05,806rcbc124,CCT GCG AAG TAT CCG GAC TAC HVG GGT WTC TAA T
Plate2,C06,806rcbc125,TTC TCT CGA CAT CCG GAC TAC HVG GGT WTC TAA T
Plate2,C07,806rcbc126,GCT CTC CGT AGA CCG GAC TAC HVG GGT WTC TAA T
Plate2,C08,806rcbc127,GTT AAG CTG ACC CCG GAC TAC HVG GGT WTC TAA T
Plate2,C09,806rcbc128,ATG CCA TGC CGT CCG GAC TAC HVG GGT WTC TAA T
Plate2,C10,806rcbc129,GAC ATT GTC ACG CCG GAC TAC HVG GGT WTC TAA T
Plate2,C11,806rcbc130,GCC AAC AAC CAT CCG GAC TAC HVG GGT WTC TAA T
Plate2,C12,806rcbc131,ATC AGT ACT AGG CCG GAC TAC HVG GGT WTC TAA T
Plate2,D01,806rcbc132,TCC TCG AGC GAT CCG GAC TAC HVG GGT WTC TAA T
Plate2,D02,806rcbc133,ACC CAA GCG TTA CCG GAC TAC HVG GGT WTC TAA T
Plate2,D03,806rcbc134,TGC AGC AAG ATT CCG GAC TAC HVG GGT WTC TAA T
Plate2,D04,806rcbc135,AGC AAC ATT GCA CCG GAC TAC HVG GGT WTC TAA T
Plate2,D05,806rcbc136,GAT GTG GTG TTA CCG GAC TAC HVG GGT WTC TAA T
Plate2,D06,806rcbc137,CAG AAA TGT GTC CCG GAC TAC HVG GGT WTC TAA T
Plate2,D07,806rcbc138,GTA GAG GTA GAG CCG GAC TAC HVG GGT WTC TAA T
Plate2,D08,806rcbc139,CGT GAT CCG CTA CCG GAC TAC HVG GGT WTC TAA T
Plate2,D09,806rcbc140,GGT TAT TTG GCG CCG GAC TAC HVG GGT WTC TAA T
Plate2,D10,806rcbc141,GGA TCG TAA TAC CCG GAC TAC HVG GGT WTC TAA T
Plate2,D11,806rcbc142,GCA TAG CAT CAA CCG GAC TAC HVG GGT WTC TAA T
Plate2,D12,806rcbc143,GTG TTA GAT GTG CCG GAC TAC HVG GGT WTC TAA T
Plate2,E01,806rcbc144,TTA GAG CCA TGC CCG GAC TAC HVG GGT WTC TAA T
Plate2,E02,806rcbc145,TGA ACC CTA TGG CCG GAC TAC HVG GGT WTC TAA T
Plate2,E03,806rcbc146,AGA GTC TTG CCA CCG GAC TAC HVG GGT WTC TAA T
Plate2,E04,806rcbc147,ACA ACA CTC CGA CCG GAC TAC HVG GGT WTC TAA T
Plate2,E05,806rcbc148,CGA TGC TGT TGA CCG GAC TAC HVG GGT WTC TAA T
Plate2,E06,806rcbc149,ACG ACT GCA TAA CCG GAC TAC HVG GGT WTC TAA T
Plate2,E07,806rcbc150,ACG CGA ACT AAT CCG GAC TAC HVG GGT WTC TAA T
Plate2,E08,806rcbc151,AGC TAT GTA TGG CCG GAC TAC HVG GGT WTC TAA T
Plate2,E09,806rcbc152,ACG GGT CAT CAT CCG GAC TAC HVG GGT WTC TAA T
Plate2,E10,806rcbc153,GAA ACA TCC CAC CCG GAC TAC HVG GGT WTC TAA T
Plate2,E11,806rcbc154,CGT ACT CTC GAG CCG GAC TAC HVG GGT WTC TAA T
Plate2,E12,806rcbc155,TCA GTT CTC GTT CCG GAC TAC HVG GGT WTC TAA T
Plate2,F01,806rcbc156,TCG TGC GTG TTG CCG GAC TAC HVG GGT WTC TAA T
Plate2,F02,806rcbc157,GTT ATC GCA TGG CCG GAC TAC HVG GGT WTC TAA T
Plate2,F03,806rcbc158,GAT CAC GAG AGG CCG GAC TAC HVG GGT WTC TAA T
Plate2,F04,806rcbc159,GTA AAT TCA GGC CCG GAC TAC HVG GGT WTC TAA T
Plate2,F05,806rcbc160,AGT GTT TCG GAC CCG GAC TAC HVG GGT WTC TAA T
Plate2,F06,806rcbc161,ACA CGC GGT TTA CCG GAC TAC HVG GGT WTC TAA T
Plate2,F07,806rcbc162,TGG CAA ATC TAG CCG GAC TAC HVG GGT WTC TAA T
Plate2,F08,806rcbc163,CAC CTT ACC TTA CCG GAC TAC HVG GGT WTC TAA T
Plate2,F09,806rcbc164,TTA ACC TTC CTG CCG GAC TAC HVG GGT WTC TAA T
Plate2,F10,806rcbc165,TGC CGT ATG CCA CCG GAC TAC HVG GGT WTC TAA T
Plate2,F11,806rcbc166,CGT GAC AAT AGT CCG GAC TAC HVG GGT WTC TAA T
Plate2,F12,806rcbc167,CGC TAC AAC TCG CCG GAC TAC HVG GGT WTC TAA T
Plate2,G01,806rcbc168,TTA AGA CAG TCG CCG GAC TAC HVG GGT WTC TAA T
Plate2,G02,806rcbc169,TCT GCA CTG AGC CCG GAC TAC HVG GGT WTC TAA T
Plate2,G03,806rcbc170,CGC AGA TTA GTA CCG GAC TAC HVG GGT WTC TAA T
Plate2,G04,806rcbc171,TGG GTC CCA CAT CCG GAC TAC HVG GGT WTC TAA T
Plate2,G05,806rcbc172,CAC TGG TGC ATA CCG GAC TAC HVG GGT WTC TAA T
Plate2,G06,806rcbc173,AAC GTA GGC TCT CCG GAC TAC HVG GGT WTC TAA T
Plate2,G07,806rcbc174,AGT TGT AGT CCG CCG GAC TAC HVG GGT WTC TAA T
Plate2,G08,806rcbc175,TCG TCA AAC CCG CCG GAC TAC HVG GGT WTC TAA T
Plate2,G09,806rcbc176,TAA TCG GTG CCA CCG GAC TAC HVG GGT WTC TAA T
Plate2,G10,806rcbc177,TTG ATC CGG TAG CCG GAC TAC HVG GGT WTC TAA T
Plate2,G11,806rcbc178,CGG GTG TTT GCT CCG GAC TAC HVG GGT WTC TAA T
Plate2,G12,806rcbc179,TTG ACC GCG GTT CCG GAC TAC HVG GGT WTC TAA T
Plate2,H01,806rcbc180,GTG CAA CCA ATC CCG GAC TAC HVG GGT WTC TAA T
Plate2,H02,806rcbc181,GCT TGA GCT TGA CCG GAC TAC HVG GGT WTC TAA T
Plate2,H03,806rcbc182,CGC TGT GGA TTA CCG GAC TAC HVG GGT WTC TAA T
Plate2,H04,806rcbc183,CTG TCA GTG ACC CCG GAC TAC HVG GGT WTC TAA T
Plate2,H05,806rcbc184,ACG ATT CGA GTC CCG GAC TAC HVG GGT WTC TAA T
Plate2,H06,806rcbc185,GGT TCG GTC CAT CCG GAC TAC HVG GGT WTC TAA T
Plate2,H07,806rcbc186,CTG ATC CAT CTT CCG GAC TAC HVG GGT WTC TAA T
Plate2,H08,806rcbc187,TAT GTG CCG GCT CCG GAC TAC HVG GGT WTC TAA T
Plate2,H09,806rcbc188,TGG TCG CAT CGT CCG GAC TAC HVG GGT WTC TAA T
Plate2,H10,806rcbc189,TGT AAG ACT TGG CCG GAC TAC HVG GGT WTC TAA T
Plate2,H11,806rcbc190,CGG ATC TAG TGT CCG GAC TAC HVG GGT WTC TAA T
Plate2,H12,806rcbc191,CGA TCT TCG AGC CCG GAC TAC HVG GGT WTC TAA T
Plate3,A01,806rcbc192,AGC CTT CGT CGC CCG GAC TAC HVG GGT WTC TAA T
Plate3,A02,806rcbc193,TCC ATA CCG GAA CCG GAC TAC HVG GGT WTC TAA T
Plate3,A03,806rcbc194,AGC CCT GCT ACA CCG GAC TAC HVG GGT WTC TAA T
Plate3,A04,806rcbc195,CCT AAC GGT CCA CCG GAC TAC HVG GGT WTC TAA T
Plate3,A05,806rcbc196,CGC GCC TTA AAC CCG GAC TAC HVG GGT WTC TAA T
Plate3,A06,806rcbc197,TAT GGT ACC CAG CCG GAC TAC HVG GGT WTC TAA T
Plate3,A07,806rcbc198,TAC AAT ATC TGT CCG GAC TAC HVG GGT WTC TAA T
Plate3,A08,806rcbc199,AAT TTA GGT AGG CCG GAC TAC HVG GGT WTC TAA T
Plate3,A09,806rcbc200,GAC TCA ACC AGT CCG GAC TAC HVG GGT WTC TAA T
Plate3,A10,806rcbc201,GCC TCT ACG TCG CCG GAC TAC HVG GGT WTC TAA T
Plate3,A11,806rcbc202,ACT ACT GAG GAT CCG GAC TAC HVG GGT WTC TAA T
Plate3,A12,806rcbc203,AAT TCA CCT CCT CCG GAC TAC HVG GGT WTC TAA T
Plate3,B01,806rcbc204,CGT ATA AAT GCG CCG GAC TAC HVG GGT WTC TAA T
Plate3,B02,806rcbc205,ATG CTG CAA CAC CCG GAC TAC HVG GGT WTC TAA T
Plate3,B03,806rcbc206,ACT CGC TCG CTG CCG GAC TAC HVG GGT WTC TAA T
Plate3,B04,806rcbc207,TTC CTT AGT AGT CCG GAC TAC HVG GGT WTC TAA T
Plate3,B05,806rcbc208,CGT CCG TAT GAA CCG GAC TAC HVG GGT WTC TAA T
Plate3,B06,806rcbc209,ACG TGA GGA ACG CCG GAC TAC HVG GGT WTC TAA T
Plate3,B07,806rcbc210,GGT TGC CCT GTA CCG GAC TAC HVG GGT WTC TAA T
Plate3,B08,806rcbc211,CAT ATA GCC CGA CCG GAC TAC HVG GGT WTC TAA T
Plate3,B09,806rcbc212,GCC TAT GAG ATC CCG GAC TAC HVG GGT WTC TAA T
Plate3,B10,806rcbc213,CAA GTG AAG GGA CCG GAC TAC HVG GGT WTC TAA T
Plate3,B11,806rcbc214,CAC GTT TAT TCC CCG GAC TAC HVG GGT WTC TAA T
Plate3,B12,806rcbc215,GCA ACG AAC GAG CCG GAC TAC HVG GGT WTC TAA T
Plate3,C01,806rcbc216,TGA CTA ATG GCC CCG GAC TAC HVG GGT WTC TAA T
Plate3,C02,806rcbc217,CGG GAC ACC CGA CCG GAC TAC HVG GGT WTC TAA T
Plate3,C03,806rcbc218,CTG TCT ATA CTA CCG GAC TAC HVG GGT WTC TAA T
Plate3,C04,806rcbc219,TAT GCC AGA GAT CCG GAC TAC HVG GGT WTC TAA T
Plate3,C05,806rcbc220,CGT TTG GAA TGA CCG GAC TAC HVG GGT WTC TAA T
Plate3,C06,806rcbc221,AAG AAC TCA TGA CCG GAC TAC HVG GGT WTC TAA T
Plate3,C07,806rcbc222,TGA TAT CGT CTT CCG GAC TAC HVG GGT WTC TAA T
Plate3,C08,806rcbc223,CGG TGA CCT ACT CCG GAC TAC HVG GGT WTC TAA T
Plate3,C09,806rcbc224,AAT GCG CGT ATA CCG GAC TAC HVG GGT WTC TAA T
Plate3,C10,806rcbc225,CTT GAT TCT TGA CCG GAC TAC HVG GGT WTC TAA T
Plate3,C11,806rcbc226,GAA ATC TTG AAG CCG GAC TAC HVG GGT WTC TAA T
Plate3,C12,806rcbc227,GAG ATA CAG TTC CCG GAC TAC HVG GGT WTC TAA T
Plate3,D01,806rcbc228,ACG TAT TCG AAG CCG GAC TAC HVG GGT WTC TAA T
Plate3,D02,806rcbc229,ACC TTA CAC CTT CCG GAC TAC HVG GGT WTC TAA T
Plate3,D03,806rcbc230,TAA TCT CGC CGG CCG GAC TAC HVG GGT WTC TAA T
Plate3,D04,806rcbc231,ATC TAG TGG CAA CCG GAC TAC HVG GGT WTC TAA T
Plate3,D05,806rcbc232,ACG CTT AAC GAC CCG GAC TAC HVG GGT WTC TAA T
Plate3,D06,806rcbc233,TAC GGA TTA TGG CCG GAC TAC HVG GGT WTC TAA T
Plate3,D07,806rcbc234,ATA CAT GCA AGA CCG GAC TAC HVG GGT WTC TAA T
Plate3,D08,806rcbc235,CTT AGT GCA GAA CCG GAC TAC HVG GGT WTC TAA T
Plate3,D09,806rcbc236,AAT CTT GCG CCG CCG GAC TAC HVG GGT WTC TAA T
Plate3,D10,806rcbc237,AGG ATC AGG GAA CCG GAC TAC HVG GGT WTC TAA T
Plate3,D11,806rcbc238,AAT AAC TAG GGT CCG GAC TAC HVG GGT WTC TAA T
Plate3,D12,806rcbc239,TAT TGC AGC AGC CCG GAC TAC HVG GGT WTC TAA T
Plate3,E01,806rcbc240,TGA TGT GCT AAG CCG GAC TAC HVG GGT WTC TAA T
Plate3,E02,806rcbc241,GTA GTA GAC CAT CCG GAC TAC HVG GGT WTC TAA T
Plate3,E03,806rcbc242,AGT AAA GAT CGT CCG GAC TAC HVG GGT WTC TAA T
Plate3,E04,806rcbc243,CTC GCC CTC GCC CCG GAC TAC HVG GGT WTC TAA T
Plate3,E05,806rcbc244,TCT CTT TCG ACA CCG GAC TAC HVG GGT WTC TAA T
Plate3,E06,806rcbc245,ACA TAC TGA GCA CCG GAC TAC HVG GGT WTC TAA T
Plate3,E07,806rcbc246,GTT GAT ACG ATG CCG GAC TAC HVG GGT WTC TAA T
Plate3,E08,806rcbc247,GTC AAC GCT GTC CCG GAC TAC HVG GGT WTC TAA T
Plate3,E09,806rcbc248,TGA GAC CCT ACA CCG GAC TAC HVG GGT WTC TAA T
Plate3,E10,806rcbc249,CCA TGT GGC TCC CCG GAC TAC HVG GGT WTC TAA T
Plate3,E11,806rcbc250,ATT ACG TAT CAT CCG GAC TAC HVG GGT WTC TAA T
Plate3,E12,806rcbc251,CAC GCA GTC TAC CCG GAC TAC HVG GGT WTC TAA T
Plate3,F01,806rcbc252,TGT GCA CGC CAT CCG GAC TAC HVG GGT WTC TAA T
Plate3,F02,806rcbc253,CCG GAC AAG AAG CCG GAC TAC HVG GGT WTC TAA T
Plate3,F03,806rcbc254,TTG CTG GAC GCT CCG GAC TAC HVG GGT WTC TAA T
Plate3,F04,806rcbc255,TAC TAA CGC GGT CCG GAC TAC HVG GGT WTC TAA T
Plate3,F05,806rcbc256,GCG ATC ACA CCT CCG GAC TAC HVG GGT WTC TAA T
Plate3,F06,806rcbc257,CAA ACG CAC TAA CCG GAC TAC HVG GGT WTC TAA T
Plate3,F07,806rcbc258,GAA GAG GGT TGA CCG GAC TAC HVG GGT WTC TAA T
Plate3,F08,806rcbc259,TGA GTG GTC TGT CCG GAC TAC HVG GGT WTC TAA T
Plate3,F09,806rcbc260,TTA CAC AAA GGC CCG GAC TAC HVG GGT WTC TAA T
Plate3,F10,806rcbc261,ACG ACG CAT TTG CCG GAC TAC HVG GGT WTC TAA T
Plate3,F11,806rcbc262,TAT CCA AGC GCA CCG GAC TAC HVG GGT WTC TAA T
Plate3,F12,806rcbc263,AGA GCC AAG AGC CCG GAC TAC HVG GGT WTC TAA T
Plate3,G01,806rcbc264,GGT GAG CAA GCA CCG GAC TAC HVG GGT WTC TAA T
Plate3,G02,806rcbc265,TAA ATA TAC CCT CCG GAC TAC HVG GGT WTC TAA T
Plate3,G03,806rcbc266,TTG CGG ACC CTA CCG GAC TAC HVG GGT WTC TAA T
Plate3,G04,806rcbc267,GTC GTC CAA ATG CCG GAC TAC HVG GGT WTC TAA T
Plate3,G05,806rcbc268,TGC ACA GTC GCT CCG GAC TAC HVG GGT WTC TAA T
Plate3,G06,806rcbc269,TTA CTG TGG CCG CCG GAC TAC HVG GGT WTC TAA T
Plate3,G07,806rcbc270,GGT TCA TGA ACA CCG GAC TAC HVG GGT WTC TAA T
Plate3,G08,806rcbc271,TAA CAA TAA TTC CCG GAC TAC HVG GGT WTC TAA T
Plate3,G09,806rcbc272,CTT ATT AAA CGT CCG GAC TAC HVG GGT WTC TAA T
Plate3,G10,806rcbc273,AGC GAT TCC TCG CCG GAC TAC HVG GGT WTC TAA T
Plate3,G11,806rcbc274,TAT TTG ATT GGT CCG GAC TAC HVG GGT WTC TAA T
Plate3,G12,806rcbc275,TGT CAA AGT GAC CCG GAC TAC HVG GGT WTC TAA T
Plate3,H01,806rcbc276,CTA TGT ATT AGT CCG GAC TAC HVG GGT WTC TAA T
Plate3,H02,806rcbc277,ACT CCC GTG TGA CCG GAC TAC HVG GGT WTC TAA T
Plate3,H03,806rcbc278,CGG TAT AGC AAT CCG GAC TAC HVG GGT WTC TAA T
Plate3,H04,806rcbc279,GAC TCT GCT CAG CCG GAC TAC HVG GGT WTC TAA T
Plate3,H05,806rcbc280,GTC ATG CTC CAG CCG GAC TAC HVG GGT WTC TAA T
Plate3,H06,806rcbc281,TGA GTC ATT GAG CCG GAC TAC HVG GGT WTC TAA T
Plate3,H07,806rcbc282,TGA GTA TGA GTA CCG GAC TAC HVG GGT WTC TAA T
Plate3,H08,806rcbc283,AAT GGT TCA GCA CCG GAC TAC HVG GGT WTC TAA T
Plate3,H09,806rcbc284,GAA CCA GTA CTC CCG GAC TAC HVG GGT WTC TAA T
Plate3,H10,806rcbc285,CGC ACC CAT ACA CCG GAC TAC HVG GGT WTC TAA T
Plate3,H11,806rcbc286,GTG CCA TAA TCG CCG GAC TAC HVG GGT WTC TAA T
Plate3,H12,806rcbc287,ACT CTT ACT TAG CCG GAC TAC HVG GGT WTC TAA T
