CouponTime,Primer_16S,Date_16S,Band_16S,NumCycles_16S,Initials_16S
1.T0,CAC GCA GTC TAC,4/1/2022,1,35,KN
1.T1,TCC CTT GTC TCC,1/28/2022,1,30,KN
1.T2,CGG TCA ATT GAC,3/2/2022,1,30,JB
1.T3,GCA CAC CTG ATA,4/14/2022,1,35,KN
1.T4,ACG CGA ACT AAT,4/1/2022,1,35,KN
10.T1,TAC AGC GCA TAC,5/27/2022,0,30,KN
10.T2,TAT CGA CAC AAG,3/2/2022,1,30,JB
10.T3,CAG AAA TGT GTC,3/4/2022,1,30,KN
10.T4,TGT AAG ACT TGG,3/10/2022,1,30,KN
11.T0,TGC ACA GTC GCT,4/14/2022,0,35,KN
11.T1,TTG CGT TAG CAG,2/4/2022,1,30,JB
11.T2,GAT TCC GGC TCA,3/2/2022,1,30,JB
11.T3,GTG TTA GAT GTG,3/4/2022,1,30,KN
11.T4,CGG ATC TAG TGT,3/10/2022,1,30,KN
12.T1,AAT TGT GTC GGA,1/28/2022,1,30,JB
12.T2,CGT AAT TGC CGC,3/2/2022,1,30,JB
12.T3,TGA ACC CTA TGG,4/14/2022,1,35,KN
12.T4,CGA TCT TCG AGC,3/10/2022,1,30,KN
13.T1,TGC ATA CAC TGG,1/28/2022,1,30,JB
13.T2,CTG CTA TTC CTC,3/2/2022,1,30,JB
13.T3,GCG ACA ATT ACA,2/24/2022,1,30,KN
13.T4,AGC TAT GTA TGG,4/1/2022,1,35,KN
14.T1,AGT CGA ACG AGG,5/27/2022,1,30,KN
14.T2,ATG TCA CCG CTG,3/2/2022,1,30,JB
14.T3,TGT GCG ATA ACA,2/24/2022,1,30,KN
14.T4,AAC TAG TTC AGG,3/10/2022,1,30,KN
15.T0,CCG GAC AAG AAG,4/14/2022,1,35,KN
15.T1,ACC AGT GAC TCA,1/28/2022,1,30,JB
15.T2,TGT AAC GCC GAT,3/2/2022,1,30,JB
15.T3,CGT GCT TAG GCT,2/24/2022,1,30,KN
15.T4,GAA ACA TCC CAC,3/10/2022,1,30,KN
16.T1,ACA ATA GAC ACC,5/27/2022,1,30,KN
16.T2,CTA TCT CCT GTC,3/2/2022,1,30,JB
16.T3,GTC ACG GAC ATT,2/24/2022,1,30,KN
16.T4,TGA GTC ATT GAG,5/1/2022,1,35,KN
17.T1,GTA GAT CGT GTA,2/7/2022,1,30,KN
17.T2,ACT CAC AGG AAT,3/2/2022,1,30,JB
17.T3,TCA CCT CCT TGT,2/26/2022,1,30,KN
17.T4,TGG AGT AGG TGG,3/10/2022,1,30,KN
18.T1,TAA CGT GTG TGC,2/7/2022,1,30,KN
18.T2,ATG ATG AGC CTC,3/2/2022,1,30,JB
18.T3,TTG CCA AGA GTC,2/26/2022,1,30,KN
18.T4,TAA ATA TAC CCT,4/1/2022,1,35,KN
19.T1,CAT TAT GGC GTG,5/27/2022,1,30,KN
19.T2,GTC GAC AGA GGA,3/2/2022,1,30,JB
19.T3,CCT GCG AAG TAT,2/26/2022,1,30,KN
19.T4,AGC ATG TCC CGT,3/10/2022,1,30,KN
2.T1,ACG AGA CTG ATT,1/28/2022,1,30,KN
2.T2,GTG GAG TCT CAT,3/2/2022,1,30,JB
2.T3,TAC CGC TTC TTC,2/24/2022,1,30,KN
2.T4,GTC ATG CTC CAG,5/1/2022,1,35,KN
20.T1,CCA ATA CGC CTG,5/27/2022,1,30,KN
20.T2,TGT CGC AAA TAG,3/2/2022,1,30,JB
20.T3,GAC ATT GTC ACG,2/26/2022,1,30,KN
20.T4,GGT TGC CCT GTA,3/16/2022,1,30,JB
21.T0,TTG CTG GAC GCT,4/14/2022,0,35,KN
21.T1,GAT CTG CGA TCC,2/7/2022,1,30,KN
21.T3,TTG ACC GCG GTT,3/10/2022,1,30,KN
21.T4,CAT ATA GCC CGA,3/16/2022,1,30,JB
22.T0,CAA ACG CAC TAA,4/14/2022,1,35,KN
22.T1,CAG CTC ATC AGC,2/7/2022,1,30,KN
22.T2,ATC AGT ACT AGG,2/26/2022,1,30,KN
22.T3,GTA GAG GTA GAG,3/4/2022,1,30,KN
22.T4,GCC TAT GAG ATC,3/17/2022,1,30,KN
23.T1,CAA ACA ACA GCT,2/7/2022,1,30,KN
23.T2,CGT ACT CTC GAG,3/8/2022,1,30,JB
23.T3,GCA TAG CAT CAA,3/4/2022,1,30,KN
23.T4,CAA GTG AAG GGA,3/17/2022,1,30,KN
24.T1,GCA ACA CCA TCC,5/27/2022,1,30,KN
24.T2,TCA GTT CTC GTT,3/8/2022,1,30,JB
24.T3,AGA GTC TTG CCA,3/4/2022,1,30,KN
24.T4,CAC GTT TAT TCC,3/17/2022,1,30,KN
25.T1,TAC TAC GTG GCC,2/7/2022,1,30,KN
25.T2,TCG TGC GTG TTG,3/8/2022,1,30,JB
25.T3,TCA TGC TCC ATT,4/14/2022,1,35,KN
25.T4,GAG ATA CAG TTC,3/17/2022,1,30,KN
26.T1,CGA GCA ATC CTA,2/7/2022,1,30,KN
26.T2,GTT ATC GCA TGG,3/8/2022,1,30,JB
26.T3,GAT TAT CGA CGA,2/24/2022,1,30,KN
26.T4,GCA ACG AAC GAG,3/17/2022,1,30,KN
27.T1,AGT CGT GCA CAT,2/13/2022,1,30,KN
27.T2,GAT CAC GAG AGG,3/8/2022,1,30,JB
27.T3,AGT AGC GGA AGA,2/24/2022,1,30,KN
27.T4,TGA CTA ATG GCC,3/17/2022,1,30,KN
28.T1,GTA TCT GCG CGT,2/13/2022,1,30,KN
28.T2,GTA AAT TCA GGC,3/8/2022,1,30,JB
28.T3,ACT CCT TGT GTT,2/24/2022,1,30,KN
28.T4,CGG GAC ACC CGA,3/17/2022,1,30,KN
29.T1,CGA GGG AAA GTC,2/13/2022,1,30,KN
29.T2,AGT GTT TCG GAC,3/8/2022,1,30,JB
29.T3,TAC CGA AGG TAT,2/26/2022,1,30,KN
29.T4,CTG TCT ATA CTA,3/17/2022,1,30,KN
3.T1,GCT GTA CGG ATT,1/28/2022,1,30,KN
3.T2,GCT CGA AGA TTC,3/2/2022,1,30,JB
3.T3,TAC TCG GGA ACT,2/24/2022,1,30,KN
3.T4,CGC TGT GGA TTA,3/10/2022,1,30,KN
30.T1,AGT TAC GAG CTA,2/13/2022,1,30,KN
30.T2,ACA CGC GGT TTA,3/8/2022,1,30,JB
30.T3,TCC TCG AGC GAT,3/4/2022,1,30,KN
30.T4,TAT GCC AGA GAT,3/17/2022,1,30,KN
31.T0,GAA GAG GGT TGA,4/14/2022,0,35,KN
31.T1,GCA TAT GCA CTG,2/13/2022,1,30,KN
31.T2,TGG CAA ATC TAG,3/8/2022,1,30,JB
31.T3,TTC TCT CGA CAT,2/26/2022,1,30,KN
31.T4,CGT TTG GAA TGA,3/17/2022,1,30,KN
32.T1,TCG GAA TTA GAC,2/13/2022,1,30,KN
32.T2,TGA GTA TGA GTA,5/1/2022,1,35,KN
32.T3,GCC AAC AAC CAT,2/26/2022,1,30,KN
32.T4,AAG AAC TCA TGA,3/17/2022,1,30,KN
33.T0,TGA GTG GTC TGT,4/14/2022,0,35,KN
33.T1,TGT GAA TTC GGA,5/27/2022,1,30,KN
33.T2,CAT CCC TCT ACT,5/27/2022,0,30,KN
33.T4,TGA TAT CGT CTT,3/17/2022,1,30,KN
34.T1,CAA CTC CCG TGA,5/27/2022,1,30,KN
34.T2,TGC CGT ATG CCA,3/8/2022,1,30,JB
34.T3,CGT GAT CCG CTA,3/4/2022,1,30,KN
34.T4,CGG TGA CCT ACT,3/17/2022,1,30,KN
35.T1,GAA CAC TTT GGA,5/27/2022,0,30,KN
35.T2,CGT GAC AAT AGT,3/8/2022,1,30,JB
35.T3,TTA GAG CCA TGC,3/4/2022,1,30,KN
35.T4,AAT GCG CGT ATA,3/17/2022,1,30,KN
36.T1,TAC GAG CCC TAA,2/13/2022,1,30,KN
36.T2,CGC TAC AAC TCG,3/8/2022,1,30,JB
36.T3,ACA ACA CTC CGA,3/4/2022,1,30,KN
36.T4,CTT GAT TCT TGA,3/17/2022,1,30,KN
37.T1,GTT CTC TTC TCG,2/11/2022,1,30,JB
37.T2,TTA AGA CAG TCG,3/8/2022,1,30,JB
37.T3,AGC TGT CAA GCT,2/24/2022,1,30,KN
37.T4,GAA ATC TTG AAG,3/17/2022,1,30,KN
38.T1,GAT CCC ACG TAC,2/11/2022,1,30,JB
38.T2,TCT GCA CTG AGC,3/8/2022,1,30,JB
38.T3,GCC TAG CCC AAT,2/24/2022,1,30,KN
38.T4,ACG TAT TCG AAG,3/17/2022,1,30,KN
39.T1,TTG GCT CTA TTC,2/11/2022,1,30,JB
39.T2,CGC AGA TTA GTA,3/8/2022,1,30,JB
39.T3,GCA ATT AGG TAC,4/14/2022,0,35,KN
39.T4,ACC TTA CAC CTT,3/17/2022,1,30,KN
4.T1,ATC ACC AGG TGT,1/28/2022,1,30,KN
4.T2,AGG CTT ACG TGT,3/2/2022,1,30,JB
4.T3,GCG AGC GAA GTA,2/24/2022,1,30,KN
4.T4,CTG TCA GTG ACC,3/10/2022,1,30,KN
40.T1,TAG GCA TGC TTG,2/11/2022,1,30,JB
40.T2,TGG GTC CCA CAT,3/8/2022,1,30,JB
40.T3,ATC TAC CGA AGC,2/26/2022,1,30,KN
40.T4,TAA TCT CGC CGG,3/17/2022,1,30,KN
41.T0,TTA CAC AAA GGC,4/14/2022,0,35,KN
41.T1,CTC ACA ACC GTG,2/11/2022,1,30,JB
41.T2,CAC TGG TGC ATA,3/8/2022,1,30,JB
41.T3,CAC TCA TCA TTC,2/26/2022,1,30,KN
41.T4,ATC TAG TGG CAA,4/1/2022,0,35,KN
42.T1,ATG GGT TCC GTC,2/11/2022,1,30,JB
42.T2,AAC GTA GGC TCT,3/8/2022,1,30,JB
42.T3,ACC CAA GCG TTA,3/4/2022,1,30,KN
42.T4,ACG CTT AAC GAC,3/17/2022,1,30,KN
43.T1,GGT GAC TAG TTC,2/11/2022,1,30,JB
43.T2,AGC CTT CGT CGC,3/16/2022,1,30,JB
43.T3,GCT CTC CGT AGA,2/26/2022,1,30,KN
43.T4,TAC GGA TTA TGG,3/17/2022,1,30,KN
44.T1,GGA CTT CCA GCT,5/27/2022,0,30,KN
44.T2,AGC CCT GCT ACA,3/16/2022,1,30,JB
44.T3,TAA TCG GTG CCA,3/10/2022,1,30,KN
44.T4,ATA CAT GCA AGA,5/1/2022,1,35,KN
45.T0,ACG ACG CAT TTG,4/14/2022,0,35,KN
45.T1,GTT GTT CTG GGA,5/27/2022,1,30,KN
45.T2,TCC ATA CCG GAA,3/16/2022,1,30,JB
45.T3,AGC AAC ATT GCA,3/4/2022,1,30,KN
45.T4,CTT AGT GCA GAA,5/1/2022,1,35,KN
46.T1,AGA TTG ACC AAC,2/13/2022,1,30,KN
46.T2,CCT AAC GGT CCA,3/16/2022,1,30,JB
46.T3,GGT TAT TTG GCG,3/4/2022,1,30,KN
46.T4,AAT CTT GCG CCG,5/1/2022,1,35,KN
47.T1,CAA ATT CGG GAT,2/13/2022,1,30,KN
47.T2,CGC GCC TTA AAC,3/16/2022,1,30,JB
47.T3,TGT CAA AGT GAC,5/1/2022,1,35,KN
47.T4,AGG ATC AGG GAA,3/24/2022,1,30,KN
48.T1,GAA TAC CAA GTC,2/24/2022,1,30,KN
48.T2,TAT GGT ACC CAG,3/16/2022,1,30,JB
48.T3,CGA TGC TGT TGA,5/27/2022,1,30,KN
48.T4,AAT AAC TAG GGT,3/24/2022,1,30,KN
49.T1,ACC ATA GCT CCG,2/13/2022,1,30,KN
49.T2,TAC AAT ATC TGT,3/16/2022,1,30,JB
49.T3,GAG AGC AAC AGA,4/14/2022,0,35,KN
49.T4,TAT TGC AGC AGC,3/24/2022,1,30,KN
5.T0,TGT GCA CGC CAT,4/14/2022,0,35,KN
5.T1,TGG TCA ACG ATA,1/28/2022,1,30,KN
5.T2,TCT CTA CCA CTC,3/2/2022,1,30,JB
5.T3,TCT TGG AGG TCA,2/26/2022,1,30,KN
5.T4,ACG ATT CGA GTC,3/10/2022,1,30,KN
50.T1,TTG GGT ACA CGT,2/13/2022,1,30,KN
50.T2,AAT TTA GGT AGG,3/16/2022,1,30,JB
50.T3,GAT GTA TGT GGT,2/24/2022,1,30,KN
50.T4,TGA TGT GCT AAG,3/24/2022,1,30,KN
51.T0,TAT CCA AGC GCA,4/14/2022,1,35,KN
51.T1,AAG GCG CTC CTT,2/13/2022,1,30,KN
51.T2,GAC TCA ACC AGT,3/16/2022,1,30,JB
51.T3,CAT ACC GTG AGT,2/24/2022,1,30,KN
51.T4,GTC GTC CAA ATG,4/1/2022,1,35,KN
52.T1,ATT CTG CCG AAG,5/27/2022,1,30,KN
52.T2,GCC TCT ACG TCG,3/16/2022,1,30,JB
52.T3,ACT TGG TGT AAG,2/26/2022,1,30,KN
52.T4,AGT AAA GAT CGT,3/24/2022,1,30,KN
53.T1,TAA TAC GGA TCG,2/13/2022,1,30,KN
53.T2,ACT ACT GAG GAT,3/16/2022,1,30,JB
53.T3,GTA TTT CGG ACG,2/26/2022,1,30,KN
53.T4,TCT CTT TCG ACA,5/1/2022,1,35,KN
54.T2,AAT TCA CCT CCT,3/16/2022,1,30,JB
54.T3,TGC AGC AAG ATT,4/1/2022,1,35,KN
54.T4,TCT CTT TCG ACA,3/24/2022,1,30,KN
55.T1,CAT TCG TGG CGT,2/13/2022,1,30,KN
55.T2,CGT ATA AAT GCG,3/16/2022,1,30,JB
55.T3,GTT AAG CTG ACC,2/26/2022,1,30,KN
55.T4,ACA TAC TGA GCA,3/24/2022,1,30,KN
56.T1,GAG CCA TCT GTA,2/13/2022,1,30,KN
56.T2,ATG CTG CAA CAC,3/16/2022,1,30,JB
56.T3,TTG ATC CGG TAG,5/27/2022,0,30,KN
56.T4,GTT GAT ACG ATG,3/24/2022,1,30,KN
57.T1,GGC CAG TTC CTA,2/13/2022,1,30,KN
57.T2,ACT CGC TCG CTG,3/16/2022,1,30,JB
57.T3,GAT GTG GTG TTA,3/4/2022,1,30,KN
57.T4,GTC AAC GCT GTC,3/24/2022,1,30,KN
58.T1,ACC GGT ATG TAC,2/24/2022,1,30,KN
58.T2,TTC CTT AGT AGT,3/16/2022,1,30,JB
58.T3,GGA TCG TAA TAC,5/27/2022,1,30,KN
58.T4,TGA GAC CCT ACA,5/1/2022,1,35,KN
59.T1,GCG ATA TAT CGC,2/24/2022,1,30,KN
59.T2,CGT CCG TAT GAA,3/16/2022,1,30,JB
59.T3,TAT TTG ATT GGT,5/1/2022,1,35,KN
59.T4,CCA TGT GGC TCC,3/24/2022,1,30,KN
6.T1,ATC GCA CAG TAA,5/27/2022,1,30,KN
6.T2,ACT TCC AAC TTC,3/2/2022,1,30,JB
6.T3,TAT CTA TCC TGC,2/26/2022,1,30,KN
6.T4,GGT TCG GTC CAT,3/10/2022,1,30,KN
60.T1,CAC TAC GCT AGA,2/24/2022,1,30,KN
60.T2,ACG TGA GGA ACG,3/16/2022,1,30,JB
60.T3,ACG ACT GCA TAA,4/1/2022,1,35,KN
60.T4,ATT ACG TAT CAT,3/24/2022,1,30,KN
7.T1,GTC GTG TAG CCT,1/28/2022,1,30,KN
7.T2,CTC ACC TAG GAA,3/2/2022,1,30,JB
7.T3,ATG TGT GTA GAC,2/26/2022,1,30,KN
7.T4,CTG ATC CAT CTT,3/10/2022,1,30,KN
8.T1,AGC GGA GGT TAG,1/28/2022,1,30,KN
8.T2,GTG TTG TCG TGC,3/2/2022,1,30,JB
8.T3,ATG CCA TGC CGT,2/26/2022,1,30,KN
8.T4,TAT GTG CCG GCT,3/10/2022,1,30,KN
9.T1,ATC CTT TGG TTC,1/28/2022,1,30,KN
9.T2,CCA CAG ATC GAT,3/2/2022,1,30,JB
9.T3,CGG GTG TTT GCT,3/10/2022,1,30,KN
9.T4,TGG TCG CAT CGT,3/10/2022,1,30,KN
N1,TCG ACA TCT CTT,2/13/2022,0,30,KN
P1,TGC AGT CCT CGA,2/13/2022,1,30,KN
N2,GAA CCA GTA CTC,5/27/2022,0,30,KN
P2,AAT GGT TCA GCA,5/27/2022,1,30,KN
54.T1,GAT GTT CGC TAG,2/13/2022,1,30,KN
55.T0,AGA GCC AAG AGC,3/27/2022,1,30,KN
